{"67767713e0fcd":{"file_path":"index_67767713e0fcd.php","form_data":{"pixel_id":"1","channel_name":"\u041f\u0430\u0432\u0435\u043b \u0414\u0443\u0440\u043e\u0432","channel_description":"1","subscribers_count":"13 013 088","telegram_link":"https:\/\/t.me\/EnglishScript","button_text":"View in Telegram","background_colors":"","avatar":"ava_67767713e10ad.jpg"},"is_main":false},"6776963d27524":{"file_path":"index_6776963d27524.php","form_data":{"pixel_id":"1","channel_name":"\u041f\u0430\u0432\u0435\u043b \u0414\u0443\u0440\u043e\u0432","channel_description":"1","subscribers_count":"13 013 088","telegram_link":"https:\/\/t.me\/wkisess?text=%D0%9F%D1%80%D0%B8%D0%B2%D0%B5%D1%82%D0%B8%D0%BA.%D1%85%D0%BE%D1%87%D1%83.%D1%80%D0%B0%D0%B1%D0%BE%D1%82%D0%B0%D1%82%D1%8C.%D1%83.%D1%82%D0%B5%D0%B1%D1%8F.%D0%B2.%D0%B0%D0%B3%D0%B5%D0%BD%D1%82%D1%81%D1%82%D0%B2%D0%B5.%D1%80%D0%B0%D1%81%D1%81%D0%BA%D0%B0%D0%B6%D0%B8.%D0%BF%D0%BE%D0%B6%D0%B0%D0%BB%D1%83%D0%B9%D1%81%D1%82%D0%B0.%D0%BF%D0%BE%D0%B4%D1%80%D0%BE%D0%B1%D0%BD%D0%B5%D0%B5","button_text":"View in Telegram","background_colors":"","avatar":"ava_6776963d275f9.jpg"},"is_main":false}}